◇開発_住基,Mock_Login.ps1,1 0 0 16 0 0,,[0]Svr_[1]Sys_[2]Bsnss_[3]Trm_[4]Ref_[5]per,%SystemRoot%\system32\wmploc.dll,62
◆統合_住基,Mock_Login.ps1,2 0 0 15 0 0,,[0]Svr_[1]Sys_[2]Bsnss_[3]Trm_[4]Ref_[5]per,%SystemRoot%\system32\wmploc.dll,62
◇開発_福医（IL老人：16中）,Mock_Login.ps1,3 10 0 3 0 0,,[0]Svr_[1]Sys_[2]Bsnss_[3]Trm_[4]Ref_[5]per,%SystemRoot%\system32\wmploc.dll,62
◇開発_福医（IL老人：34深）,Mock_Login.ps1,3 10 0 11 0 0,,[0]Svr_[1]Sys_[2]Bsnss_[3]Trm_[4]Ref_[5]per,%SystemRoot%\system32\wmploc.dll,62
◇開発_福医（IL老人：99共）,Mock_Login.ps1,3 10 0 15 0 0,,[0]Svr_[1]Sys_[2]Bsnss_[3]Trm_[4]Ref_[5]per,%SystemRoot%\system32\wmploc.dll,62
◇開発_福医（IN障害者：12上）,Mock_Login.ps1,3 10 1 1 0 0,,[0]Svr_[1]Sys_[2]Bsnss_[3]Trm_[4]Ref_[5]per,%SystemRoot%\system32\wmploc.dll,62
◇開発_福医（IN障害者：14左）,Mock_Login.ps1,3 10 1 2 0 0,,[0]Svr_[1]Sys_[2]Bsnss_[3]Trm_[4]Ref_[5]per,%SystemRoot%\system32\wmploc.dll,62
◇開発_福医（IN障害者：28右）,Mock_Login.ps1,3 10 1 8 0 0,,[0]Svr_[1]Sys_[2]Bsnss_[3]Trm_[4]Ref_[5]per,%SystemRoot%\system32\wmploc.dll,62
◇開発_福医（IN障害者：34深）,Mock_Login.ps1,3 10 1 11 0 0,,[0]Svr_[1]Sys_[2]Bsnss_[3]Trm_[4]Ref_[5]per,%SystemRoot%\system32\wmploc.dll,62
◇開発_福医（IN障害者：99共）,Mock_Login.ps1,3 10 1 15 0 0,,[0]Svr_[1]Sys_[2]Bsnss_[3]Trm_[4]Ref_[5]per,%SystemRoot%\system32\wmploc.dll,62
◇開発_福医（IQひとり親：10北）,Mock_Login.ps1,3 10 2 0 0 0,,[0]Svr_[1]Sys_[2]Bsnss_[3]Trm_[4]Ref_[5]per,%SystemRoot%\system32\wmploc.dll,62
◇開発_福医（IQひとり親：28右）,Mock_Login.ps1,3 10 2 8 0 0,,[0]Svr_[1]Sys_[2]Bsnss_[3]Trm_[4]Ref_[5]per,%SystemRoot%\system32\wmploc.dll,62
◇開発_福医（IQひとり親：34深）,Mock_Login.ps1,3 10 2 11 0 0,,[0]Svr_[1]Sys_[2]Bsnss_[3]Trm_[4]Ref_[5]per,%SystemRoot%\system32\wmploc.dll,62
◇開発_福医（IQひとり親：99共）,Mock_Login.ps1,3 10 2 15 0 0,,[0]Svr_[1]Sys_[2]Bsnss_[3]Trm_[4]Ref_[5]per,%SystemRoot%\system32\wmploc.dll,62
◇開発_福医（IT子ども：12上）,Mock_Login.ps1,3 10 3 1 0 0,,[0]Svr_[1]Sys_[2]Bsnss_[3]Trm_[4]Ref_[5]per,%SystemRoot%\system32\wmploc.dll,62
◇開発_福医（IT子ども：16中）,Mock_Login.ps1,3 10 3 3 0 0,,[0]Svr_[1]Sys_[2]Bsnss_[3]Trm_[4]Ref_[5]per,%SystemRoot%\system32\wmploc.dll,62
◇開発_福医（IT子ども：34深）,Mock_Login.ps1,3 10 3 11 0 0,,[0]Svr_[1]Sys_[2]Bsnss_[3]Trm_[4]Ref_[5]per,%SystemRoot%\system32\wmploc.dll,62
◇開発_福医（IT子ども：28右）,Mock_Login.ps1,3 10 3 8 0 0,,[0]Svr_[1]Sys_[2]Bsnss_[3]Trm_[4]Ref_[5]per,%SystemRoot%\system32\wmploc.dll,62
◇開発_福医（IT子ども：99共）,Mock_Login.ps1,3 10 3 15 0 0,,[0]Svr_[1]Sys_[2]Bsnss_[3]Trm_[4]Ref_[5]per,%SystemRoot%\system32\wmploc.dll,62
◇開発_福医（IP敬老乗車証：99共）,Mock_Login.ps1,3 11 0 15 0 0,,[0]Svr_[1]Sys_[2]Bsnss_[3]Trm_[4]Ref_[5]per,%SystemRoot%\system32\wmploc.dll,62
◇開発_福医（MX住基・税照会：99共）,Mock_Login.ps1,3 12 0 15 0 0,,[0]Svr_[1]Sys_[2]Bsnss_[3]Trm_[4]Ref_[5]per,%SystemRoot%\system32\wmploc.dll,62
◇開発_福医（MQ住基・税照会：99共）,Mock_Login.ps1,3 13 0 15 0 0,,[0]Svr_[1]Sys_[2]Bsnss_[3]Trm_[4]Ref_[5]per,%SystemRoot%\system32\wmploc.dll,62
◇開発_福医（共通：99共）,Mock_Login.ps1,3 14 0 15 0 0,,[0]Svr_[1]Sys_[2]Bsnss_[3]Trm_[4]Ref_[5]per,%SystemRoot%\system32\wmploc.dll,62
◆統合_福医（IL老人：99共）,Mock_Login.ps1,4 10 0 15 0 0,,[0]Svr_[1]Sys_[2]Bsnss_[3]Trm_[4]Ref_[5]per,%SystemRoot%\system32\wmploc.dll,62
◆統合_福医（IN障害者：14左）,Mock_Login.ps1,4 10 1 2 0 0,,[0]Svr_[1]Sys_[2]Bsnss_[3]Trm_[4]Ref_[5]per,%SystemRoot%\system32\wmploc.dll,62
◆統合_福医（IN障害者：99共）,Mock_Login.ps1,4 10 1 15 0 0,,[0]Svr_[1]Sys_[2]Bsnss_[3]Trm_[4]Ref_[5]per,%SystemRoot%\system32\wmploc.dll,62
◆統合_福医（IQひとり親：99共）,Mock_Login.ps1,4 10 2 15 0 0,,[0]Svr_[1]Sys_[2]Bsnss_[3]Trm_[4]Ref_[5]per,%SystemRoot%\system32\wmploc.dll,62
◆統合_福医（IT子ども：99共）,Mock_Login.ps1,4 10 3 15 0 0,,[0]Svr_[1]Sys_[2]Bsnss_[3]Trm_[4]Ref_[5]per,%SystemRoot%\system32\wmploc.dll,62
◆統合_福医（IP敬老乗車証：99共）,Mock_Login.ps1,4 11 0 15 0 0,,[0]Svr_[1]Sys_[2]Bsnss_[3]Trm_[4]Ref_[5]per,%SystemRoot%\system32\wmploc.dll,62
◆統合_福医（MX住基・税照会：99共）,Mock_Login.ps1,4 12 0 15 0 0,,[0]Svr_[1]Sys_[2]Bsnss_[3]Trm_[4]Ref_[5]per,%SystemRoot%\system32\wmploc.dll,62
◆統合_福医（MQ住基・税照会：99共）,Mock_Login.ps1,4 13 0 15 0 0,,[0]Svr_[1]Sys_[2]Bsnss_[3]Trm_[4]Ref_[5]per,%SystemRoot%\system32\wmploc.dll,62
Mock_Login_ArgumentSpecial,Mock_Login.ps1,3 12 0 15 0 0,Ctrl+Shift+Alt+Z,[0]Svr_[1]Sys_[2]Bsnss_[3]Trm_[4]Ref_[5]per,%SystemRoot%\system32\wmploc.dll,62
◇研修_福医（MX住基・税照会：99共）,Mock_Login.ps1,5 12 0 0 0 0,,[0]Svr_[1]Sys_[2]Bsnss_[3]Trm_[4]Ref_[5]per,%SystemRoot%\system32\wmploc.dll,62
